<?xml version="1.0" encoding="UTF-8"?>
<document type="com.apple.InterfaceBuilder3.CocoaTouch.Storyboard.XIB" version="3.0" toolsVersion="22155" targetRuntime="iOS.CocoaTouch" propertyAccessControl="none" useAutolayout="YES" useTraitCollections="YES" useSafeAreas="YES" colorMatched="YES" initialViewController="q1z-Dx-zn6">
    <device id="retina6_12" orientation="portrait" appearance="light"/>
    <dependencies>
        <plugIn identifier="com.apple.InterfaceBuilder.IBCocoaTouchPlugin" version="22131"/>
        <capability name="Safe area layout guides" minToolsVersion="9.0"/>
        <capability name="System colors in document resources" minToolsVersion="11.0"/>
        <capability name="documents saved in the Xcode 8 format" minToolsVersion="8.0"/>
    </dependencies>
    <scenes>
        <!--Noticias-->
        <scene sceneID="tne-QT-ifu">
            <objects>
                <viewController id="BYZ-38-t0r" customClass="NoticiasViewController" customModule="Salud" customModuleProvider="target" sceneMemberID="viewController">
                    <view key="view" contentMode="scaleToFill" id="8bC-Xf-vdC">
                        <rect key="frame" x="0.0" y="0.0" width="393" height="852"/>
                        <autoresizingMask key="autoresizingMask" widthSizable="YES" heightSizable="YES"/>
                        <subviews>
                            <scrollView clipsSubviews="YES" multipleTouchEnabled="YES" contentMode="scaleToFill" translatesAutoresizingMaskIntoConstraints="NO" id="noL-Lh-oyA">
                                <rect key="frame" x="0.0" y="59" width="393" height="710"/>
                                <subviews>
                                    <stackView opaque="NO" contentMode="scaleToFill" axis="vertical" spacing="8" translatesAutoresizingMaskIntoConstraints="NO" id="Llk-Cj-OhT">
                                        <rect key="frame" x="0.0" y="0.0" width="393" height="940"/>
                                        <subviews>
                                            <view contentMode="scaleToFill" translatesAutoresizingMaskIntoConstraints="NO" id="ZLX-c1-H4p">
                                                <rect key="frame" x="0.0" y="0.0" width="393" height="150"/>
                                                <subviews>
                                                    <imageView clipsSubviews="YES" userInteractionEnabled="NO" contentMode="scaleAspectFill" horizontalHuggingPriority="251" verticalHuggingPriority="251" fixedFrame="YES" image="hidrogeno" translatesAutoresizingMaskIntoConstraints="NO" id="bd6-Nk-ER0">
                                                        <rect key="frame" x="0.0" y="0.0" width="150" height="150"/>
                                                        <autoresizingMask key="autoresizingMask" flexibleMaxX="YES" flexibleMaxY="YES"/>
                                                    </imageView>
                                                    <label opaque="NO" userInteractionEnabled="NO" contentMode="left" horizontalHuggingPriority="251" verticalHuggingPriority="251" fixedFrame="YES" text="Latinoamérica destaca en potencial de hidrógeno" lineBreakMode="tailTruncation" baselineAdjustment="alignBaselines" adjustsFontSizeToFit="NO" translatesAutoresizingMaskIntoConstraints="NO" id="YVX-Tn-fc7">
                                                        <rect key="frame" x="158" y="18" width="227" height="50"/>
                                                        <autoresizingMask key="autoresizingMask" flexibleMaxX="YES" flexibleMaxY="YES"/>
                                                        <fontDescription key="fontDescription" type="boldSystem" pointSize="17"/>
                                                        <nil key="textColor"/>
                                                        <nil key="highlightedColor"/>
                                                    </label>
                                                    <button opaque="NO" contentMode="scaleToFill" fixedFrame="YES" contentHorizontalAlignment="center" contentVerticalAlignment="center" buttonType="system" lineBreakMode="middleTruncation" translatesAutoresizingMaskIntoConstraints="NO" id="wCZ-Te-Oh2">
                                                        <rect key="frame" x="299" y="115" width="94" height="35"/>
                                                        <autoresizingMask key="autoresizingMask" flexibleMaxX="YES" flexibleMaxY="YES"/>
                                                        <rect key="contentStretch" x="0.0" y="0.0" width="0.69999999999999996" height="0.69999999999999996"/>
                                                        <state key="normal" title="Button"/>
                                                        <buttonConfiguration key="configuration" style="plain" title="Leer mas"/>
                                                        <connections>
                                                            <segue destination="swK-c4-tSr" kind="show" id="4wD-hX-X1E"/>
                                                        </connections>
                                                    </button>
                                                    <label opaque="NO" userInteractionEnabled="NO" contentMode="left" horizontalHuggingPriority="251" verticalHuggingPriority="251" fixedFrame="YES" text="Producir hidrógeno de bajas emisiones puede ser hasta 65% más barato en la región, afirma el organismo." textAlignment="natural" lineBreakMode="tailTruncation" numberOfLines="2" baselineAdjustment="alignBaselines" adjustsFontSizeToFit="NO" translatesAutoresizingMaskIntoConstraints="NO" id="eUs-IO-niE">
                                                        <rect key="frame" x="158" y="66" width="227" height="41"/>
                                                        <autoresizingMask key="autoresizingMask" flexibleMaxX="YES" flexibleMaxY="YES"/>
                                                        <fontDescription key="fontDescription" type="system" pointSize="15"/>
                                                        <nil key="textColor"/>
                                                        <nil key="highlightedColor"/>
                                                    </label>
                                                </subviews>
                                                <color key="backgroundColor" white="1" alpha="1" colorSpace="custom" customColorSpace="genericGamma22GrayColorSpace"/>
                                                <constraints>
                                                    <constraint firstAttribute="height" constant="150" id="4RU-nn-Vw9"/>
                                                </constraints>
                                            </view>
                                            <view contentMode="scaleToFill" translatesAutoresizingMaskIntoConstraints="NO" id="MjD-Xh-tvl">
                                                <rect key="frame" x="0.0" y="158" width="393" height="150"/>
                                                <subviews>
                                                    <imageView clipsSubviews="YES" userInteractionEnabled="NO" contentMode="scaleAspectFill" horizontalHuggingPriority="251" verticalHuggingPriority="251" fixedFrame="YES" image="panel" translatesAutoresizingMaskIntoConstraints="NO" id="s1q-YG-wjY">
                                                        <rect key="frame" x="0.0" y="0.0" width="150" height="150"/>
                                                        <autoresizingMask key="autoresizingMask" flexibleMaxX="YES" flexibleMaxY="YES"/>
                                                    </imageView>
                                                    <label opaque="NO" userInteractionEnabled="NO" contentMode="left" horizontalHuggingPriority="251" verticalHuggingPriority="251" fixedFrame="YES" text="México incumplirá en energía limpia en el 2024" lineBreakMode="tailTruncation" baselineAdjustment="alignBaselines" adjustsFontSizeToFit="NO" translatesAutoresizingMaskIntoConstraints="NO" id="oat-Vn-aVf">
                                                        <rect key="frame" x="158" y="18" width="227" height="50"/>
                                                        <autoresizingMask key="autoresizingMask" flexibleMaxX="YES" flexibleMaxY="YES"/>
                                                        <fontDescription key="fontDescription" type="boldSystem" pointSize="17"/>
                                                        <nil key="textColor"/>
                                                        <nil key="highlightedColor"/>
                                                    </label>
                                                    <button opaque="NO" contentMode="scaleToFill" fixedFrame="YES" contentHorizontalAlignment="center" contentVerticalAlignment="center" buttonType="system" lineBreakMode="middleTruncation" translatesAutoresizingMaskIntoConstraints="NO" id="fIZ-vy-M4I">
                                                        <rect key="frame" x="299" y="115" width="94" height="35"/>
                                                        <autoresizingMask key="autoresizingMask" flexibleMaxX="YES" flexibleMaxY="YES"/>
                                                        <rect key="contentStretch" x="0.0" y="0.0" width="0.69999999999999996" height="0.69999999999999996"/>
                                                        <state key="normal" title="Button"/>
                                                        <buttonConfiguration key="configuration" style="plain" title="Leer mas"/>
                                                        <connections>
                                                            <segue destination="qPf-mG-8WX" kind="show" id="GFs-YL-6bd"/>
                                                        </connections>
                                                    </button>
                                                    <label opaque="NO" userInteractionEnabled="NO" contentMode="left" horizontalHuggingPriority="251" verticalHuggingPriority="251" fixedFrame="YES" text="México no cumplirá con la meta de alcanzar el 35% de generación eléctrica mediante fuentes limpias al cierre del 2024" textAlignment="natural" lineBreakMode="tailTruncation" numberOfLines="2" baselineAdjustment="alignBaselines" adjustsFontSizeToFit="NO" translatesAutoresizingMaskIntoConstraints="NO" id="yKM-nH-Tju">
                                                        <rect key="frame" x="158" y="66" width="227" height="41"/>
                                                        <autoresizingMask key="autoresizingMask" flexibleMaxX="YES" flexibleMaxY="YES"/>
                                                        <fontDescription key="fontDescription" type="system" pointSize="15"/>
                                                        <nil key="textColor"/>
                                                        <nil key="highlightedColor"/>
                                                    </label>
                                                </subviews>
                                                <color key="backgroundColor" white="1" alpha="1" colorSpace="custom" customColorSpace="genericGamma22GrayColorSpace"/>
                                                <constraints>
                                                    <constraint firstAttribute="height" constant="150" id="9Sc-ay-Zne"/>
                                                </constraints>
                                            </view>
                                            <view contentMode="scaleToFill" translatesAutoresizingMaskIntoConstraints="NO" id="hlm-NA-VMc">
                                                <rect key="frame" x="0.0" y="316" width="393" height="150"/>
                                                <subviews>
                                                    <imageView clipsSubviews="YES" userInteractionEnabled="NO" contentMode="scaleAspectFill" horizontalHuggingPriority="251" verticalHuggingPriority="251" fixedFrame="YES" image="plantas" translatesAutoresizingMaskIntoConstraints="NO" id="ZeM-SS-71y">
                                                        <rect key="frame" x="0.0" y="0.0" width="150" height="150"/>
                                                        <autoresizingMask key="autoresizingMask" flexibleMaxX="YES" flexibleMaxY="YES"/>
                                                    </imageView>
                                                    <label opaque="NO" userInteractionEnabled="NO" contentMode="left" horizontalHuggingPriority="251" verticalHuggingPriority="251" fixedFrame="YES" text="Innovación y eficiencia" lineBreakMode="tailTruncation" baselineAdjustment="alignBaselines" adjustsFontSizeToFit="NO" translatesAutoresizingMaskIntoConstraints="NO" id="aMc-qt-1jg">
                                                        <rect key="frame" x="158" y="18" width="227" height="50"/>
                                                        <autoresizingMask key="autoresizingMask" flexibleMaxX="YES" flexibleMaxY="YES"/>
                                                        <fontDescription key="fontDescription" type="boldSystem" pointSize="17"/>
                                                        <nil key="textColor"/>
                                                        <nil key="highlightedColor"/>
                                                    </label>
                                                    <label opaque="NO" userInteractionEnabled="NO" contentMode="left" horizontalHuggingPriority="251" verticalHuggingPriority="251" fixedFrame="YES" text="A corto plazo, Mars se enfocará en la ejecución de su Plan Carbono Cero 2050" textAlignment="natural" lineBreakMode="tailTruncation" numberOfLines="2" baselineAdjustment="alignBaselines" adjustsFontSizeToFit="NO" translatesAutoresizingMaskIntoConstraints="NO" id="gCz-q4-gJK">
                                                        <rect key="frame" x="158" y="66" width="227" height="41"/>
                                                        <autoresizingMask key="autoresizingMask" flexibleMaxX="YES" flexibleMaxY="YES"/>
                                                        <fontDescription key="fontDescription" type="system" pointSize="15"/>
                                                        <nil key="textColor"/>
                                                        <nil key="highlightedColor"/>
                                                    </label>
                                                    <button opaque="NO" contentMode="scaleToFill" fixedFrame="YES" contentHorizontalAlignment="center" contentVerticalAlignment="center" buttonType="system" lineBreakMode="middleTruncation" translatesAutoresizingMaskIntoConstraints="NO" id="sP8-W2-QKg">
                                                        <rect key="frame" x="244" y="115" width="141" height="35"/>
                                                        <autoresizingMask key="autoresizingMask" flexibleMaxX="YES" flexibleMaxY="YES"/>
                                                        <rect key="contentStretch" x="0.0" y="0.0" width="0.69999999999999996" height="0.69999999999999996"/>
                                                        <state key="normal" title="Button"/>
                                                        <buttonConfiguration key="configuration" style="plain" title="Escuchar audio"/>
                                                        <connections>
                                                            <segue destination="eFC-hs-w1A" kind="show" id="U2g-g2-owY"/>
                                                        </connections>
                                                    </button>
                                                </subviews>
                                                <color key="backgroundColor" white="1" alpha="1" colorSpace="custom" customColorSpace="genericGamma22GrayColorSpace"/>
                                                <constraints>
                                                    <constraint firstAttribute="height" constant="150" id="AXc-1w-rLQ"/>
                                                </constraints>
                                            </view>
                                            <view contentMode="scaleToFill" translatesAutoresizingMaskIntoConstraints="NO" id="W0f-IW-lX2">
                                                <rect key="frame" x="0.0" y="474" width="393" height="150"/>
                                                <subviews>
                                                    <imageView clipsSubviews="YES" userInteractionEnabled="NO" contentMode="scaleAspectFill" horizontalHuggingPriority="251" verticalHuggingPriority="251" fixedFrame="YES" image="petroleo" translatesAutoresizingMaskIntoConstraints="NO" id="6fy-tB-aUb">
                                                        <rect key="frame" x="0.0" y="0.0" width="150" height="150"/>
                                                        <autoresizingMask key="autoresizingMask" flexibleMaxX="YES" flexibleMaxY="YES"/>
                                                    </imageView>
                                                    <label opaque="NO" userInteractionEnabled="NO" contentMode="left" horizontalHuggingPriority="251" verticalHuggingPriority="251" fixedFrame="YES" text="Colombia produjo 4.3% más petróleo" lineBreakMode="tailTruncation" baselineAdjustment="alignBaselines" adjustsFontSizeToFit="NO" translatesAutoresizingMaskIntoConstraints="NO" id="jDE-tR-6GD">
                                                        <rect key="frame" x="158" y="8" width="227" height="50"/>
                                                        <autoresizingMask key="autoresizingMask" flexibleMaxX="YES" flexibleMaxY="YES"/>
                                                        <fontDescription key="fontDescription" type="boldSystem" pointSize="17"/>
                                                        <nil key="textColor"/>
                                                        <nil key="highlightedColor"/>
                                                    </label>
                                                    <label opaque="NO" userInteractionEnabled="NO" contentMode="left" horizontalHuggingPriority="251" verticalHuggingPriority="251" fixedFrame="YES" text="Meta es el departamento de mayor producción, seguido de Casanare." textAlignment="natural" lineBreakMode="tailTruncation" numberOfLines="2" baselineAdjustment="alignBaselines" adjustsFontSizeToFit="NO" translatesAutoresizingMaskIntoConstraints="NO" id="wwz-Cg-bhh">
                                                        <rect key="frame" x="158" y="66" width="227" height="41"/>
                                                        <autoresizingMask key="autoresizingMask" flexibleMaxX="YES" flexibleMaxY="YES"/>
                                                        <fontDescription key="fontDescription" type="system" pointSize="15"/>
                                                        <nil key="textColor"/>
                                                        <nil key="highlightedColor"/>
                                                    </label>
                                                    <button opaque="NO" contentMode="scaleToFill" fixedFrame="YES" contentHorizontalAlignment="center" contentVerticalAlignment="center" buttonType="close" lineBreakMode="middleTruncation" translatesAutoresizingMaskIntoConstraints="NO" id="hlL-pg-yrQ">
                                                        <rect key="frame" x="240" y="115" width="145" height="35"/>
                                                        <autoresizingMask key="autoresizingMask" flexibleMaxX="YES" flexibleMaxY="YES"/>
                                                        <accessibility key="accessibilityConfiguration">
                                                            <bool key="isElement" value="NO"/>
                                                        </accessibility>
                                                        <rect key="contentStretch" x="0.0" y="0.0" width="0.69999999999999996" height="0.69999999999999996"/>
                                                        <buttonConfiguration key="configuration" style="plain" title="No disponible"/>
                                                    </button>
                                                </subviews>
                                                <color key="backgroundColor" white="1" alpha="1" colorSpace="custom" customColorSpace="genericGamma22GrayColorSpace"/>
                                                <constraints>
                                                    <constraint firstAttribute="height" constant="150" id="0jz-On-jHH"/>
                                                </constraints>
                                            </view>
                                            <view contentMode="scaleToFill" translatesAutoresizingMaskIntoConstraints="NO" id="ej0-cL-d3g">
                                                <rect key="frame" x="0.0" y="632" width="393" height="150"/>
                                                <subviews>
                                                    <imageView clipsSubviews="YES" userInteractionEnabled="NO" contentMode="scaleAspectFill" horizontalHuggingPriority="251" verticalHuggingPriority="251" fixedFrame="YES" image="paneles" translatesAutoresizingMaskIntoConstraints="NO" id="gUg-rD-ske">
                                                        <rect key="frame" x="0.0" y="0.0" width="150" height="150"/>
                                                        <autoresizingMask key="autoresizingMask" flexibleMaxX="YES" flexibleMaxY="YES"/>
                                                    </imageView>
                                                    <label opaque="NO" userInteractionEnabled="NO" contentMode="left" horizontalHuggingPriority="251" verticalHuggingPriority="251" fixedFrame="YES" text="Almacenamiento eléctrico" lineBreakMode="tailTruncation" baselineAdjustment="alignBaselines" adjustsFontSizeToFit="NO" translatesAutoresizingMaskIntoConstraints="NO" id="vRd-eo-mIb">
                                                        <rect key="frame" x="158" y="18" width="227" height="50"/>
                                                        <autoresizingMask key="autoresizingMask" flexibleMaxX="YES" flexibleMaxY="YES"/>
                                                        <fontDescription key="fontDescription" type="boldSystem" pointSize="17"/>
                                                        <nil key="textColor"/>
                                                        <nil key="highlightedColor"/>
                                                    </label>
                                                    <label opaque="NO" userInteractionEnabled="NO" contentMode="left" horizontalHuggingPriority="251" verticalHuggingPriority="251" fixedFrame="YES" text="El parque solar La Toba, de Invenergy, cumplió un año siendo el primero en el país con baterías de gran escala" textAlignment="natural" lineBreakMode="tailTruncation" numberOfLines="2" baselineAdjustment="alignBaselines" adjustsFontSizeToFit="NO" translatesAutoresizingMaskIntoConstraints="NO" id="JBu-fr-CVW">
                                                        <rect key="frame" x="158" y="66" width="227" height="41"/>
                                                        <autoresizingMask key="autoresizingMask" flexibleMaxX="YES" flexibleMaxY="YES"/>
                                                        <fontDescription key="fontDescription" type="system" pointSize="15"/>
                                                        <nil key="textColor"/>
                                                        <nil key="highlightedColor"/>
                                                    </label>
                                                    <button opaque="NO" contentMode="scaleToFill" fixedFrame="YES" contentHorizontalAlignment="center" contentVerticalAlignment="center" buttonType="close" lineBreakMode="middleTruncation" translatesAutoresizingMaskIntoConstraints="NO" id="P61-kd-Lid">
                                                        <rect key="frame" x="240" y="115" width="145" height="35"/>
                                                        <autoresizingMask key="autoresizingMask" flexibleMaxX="YES" flexibleMaxY="YES"/>
                                                        <accessibility key="accessibilityConfiguration">
                                                            <bool key="isElement" value="NO"/>
                                                        </accessibility>
                                                        <rect key="contentStretch" x="0.0" y="0.0" width="0.69999999999999996" height="0.69999999999999996"/>
                                                        <buttonConfiguration key="configuration" style="plain" title="No disponible"/>
                                                    </button>
                                                </subviews>
                                                <color key="backgroundColor" white="1" alpha="1" colorSpace="custom" customColorSpace="genericGamma22GrayColorSpace"/>
                                                <constraints>
                                                    <constraint firstAttribute="height" constant="150" id="x3r-JG-gib"/>
                                                </constraints>
                                            </view>
                                            <view contentMode="scaleToFill" translatesAutoresizingMaskIntoConstraints="NO" id="Gy2-oi-81U">
                                                <rect key="frame" x="0.0" y="790" width="393" height="150"/>
                                                <subviews>
                                                    <imageView clipsSubviews="YES" userInteractionEnabled="NO" contentMode="scaleAspectFill" horizontalHuggingPriority="251" verticalHuggingPriority="251" fixedFrame="YES" image="central" translatesAutoresizingMaskIntoConstraints="NO" id="WeW-kX-Qa7">
                                                        <rect key="frame" x="0.0" y="0.0" width="150" height="150"/>
                                                        <autoresizingMask key="autoresizingMask" flexibleMaxX="YES" flexibleMaxY="YES"/>
                                                    </imageView>
                                                    <label opaque="NO" userInteractionEnabled="NO" contentMode="left" horizontalHuggingPriority="251" verticalHuggingPriority="251" fixedFrame="YES" text="CFE pierde en el tercer trimestre" lineBreakMode="tailTruncation" baselineAdjustment="alignBaselines" adjustsFontSizeToFit="NO" translatesAutoresizingMaskIntoConstraints="NO" id="bQz-L0-bVq">
                                                        <rect key="frame" x="158" y="18" width="227" height="50"/>
                                                        <autoresizingMask key="autoresizingMask" flexibleMaxX="YES" flexibleMaxY="YES"/>
                                                        <fontDescription key="fontDescription" type="boldSystem" pointSize="17"/>
                                                        <nil key="textColor"/>
                                                        <nil key="highlightedColor"/>
                                                    </label>
                                                    <label opaque="NO" userInteractionEnabled="NO" contentMode="left" horizontalHuggingPriority="251" verticalHuggingPriority="251" fixedFrame="YES" text="La Comisión Federal de Electricidad (CFE) tuvo una utilidad neta de 86,226 millones" textAlignment="natural" lineBreakMode="tailTruncation" numberOfLines="2" baselineAdjustment="alignBaselines" adjustsFontSizeToFit="NO" translatesAutoresizingMaskIntoConstraints="NO" id="rBV-19-b6H">
                                                        <rect key="frame" x="158" y="66" width="227" height="41"/>
                                                        <autoresizingMask key="autoresizingMask" flexibleMaxX="YES" flexibleMaxY="YES"/>
                                                        <fontDescription key="fontDescription" type="system" pointSize="15"/>
                                                        <nil key="textColor"/>
                                                        <nil key="highlightedColor"/>
                                                    </label>
                                                    <button opaque="NO" contentMode="scaleToFill" fixedFrame="YES" contentHorizontalAlignment="center" contentVerticalAlignment="center" buttonType="close" lineBreakMode="middleTruncation" translatesAutoresizingMaskIntoConstraints="NO" id="U3p-jZ-RFg">
                                                        <rect key="frame" x="240" y="115" width="145" height="35"/>
                                                        <autoresizingMask key="autoresizingMask" flexibleMaxX="YES" flexibleMaxY="YES"/>
                                                        <accessibility key="accessibilityConfiguration" label="No disponible">
                                                            <bool key="isElement" value="NO"/>
                                                        </accessibility>
                                                        <rect key="contentStretch" x="0.0" y="0.0" width="0.69999999999999996" height="0.69999999999999996"/>
                                                        <buttonConfiguration key="configuration" style="plain" title="No disponible"/>
                                                    </button>
                                                </subviews>
                                                <color key="backgroundColor" white="1" alpha="1" colorSpace="custom" customColorSpace="genericGamma22GrayColorSpace"/>
                                                <constraints>
                                                    <constraint firstAttribute="height" constant="150" id="b2E-PI-1qk"/>
                                                </constraints>
                                            </view>
                                        </subviews>
                                        <color key="backgroundColor" red="0.81805734536082475" green="0.81805734536082475" blue="0.81805734536082475" alpha="1" colorSpace="custom" customColorSpace="displayP3"/>
                                    </stackView>
                                </subviews>
                                <constraints>
                                    <constraint firstItem="Llk-Cj-OhT" firstAttribute="trailing" secondItem="GSW-1X-xvu" secondAttribute="trailing" id="5as-sh-YW5"/>
                                    <constraint firstItem="Llk-Cj-OhT" firstAttribute="width" secondItem="eeD-SN-K0f" secondAttribute="width" id="KCX-ai-wcD"/>
                                    <constraint firstItem="Llk-Cj-OhT" firstAttribute="top" secondItem="GSW-1X-xvu" secondAttribute="top" id="ikx-rL-OaO"/>
                                    <constraint firstItem="Llk-Cj-OhT" firstAttribute="leading" secondItem="GSW-1X-xvu" secondAttribute="leading" id="uCe-78-N3E"/>
                                    <constraint firstItem="Llk-Cj-OhT" firstAttribute="bottom" secondItem="GSW-1X-xvu" secondAttribute="bottom" id="ymj-Ed-cDZ"/>
                                </constraints>
                                <viewLayoutGuide key="contentLayoutGuide" id="GSW-1X-xvu"/>
                                <viewLayoutGuide key="frameLayoutGuide" id="eeD-SN-K0f"/>
                            </scrollView>
                        </subviews>
                        <viewLayoutGuide key="safeArea" id="6Tk-OE-BBY"/>
                        <color key="backgroundColor" systemColor="systemBackgroundColor"/>
                        <constraints>
                            <constraint firstItem="noL-Lh-oyA" firstAttribute="leading" secondItem="6Tk-OE-BBY" secondAttribute="leading" id="DKz-cK-iPc"/>
                            <constraint firstItem="noL-Lh-oyA" firstAttribute="trailing" secondItem="6Tk-OE-BBY" secondAttribute="trailing" id="GfS-nW-udG"/>
                            <constraint firstItem="noL-Lh-oyA" firstAttribute="top" secondItem="6Tk-OE-BBY" secondAttribute="top" id="Yk7-eW-ec4"/>
                            <constraint firstItem="noL-Lh-oyA" firstAttribute="bottom" secondItem="6Tk-OE-BBY" secondAttribute="bottom" id="ZZO-O2-iMG"/>
                        </constraints>
                    </view>
                    <tabBarItem key="tabBarItem" title="Noticias" image="newspaper.fill" catalog="system" id="62n-25-8Qk"/>
                </viewController>
                <placeholder placeholderIdentifier="IBFirstResponder" id="dkx-z0-nzr" sceneMemberID="firstResponder"/>
            </objects>
            <point key="canvasLocation" x="913.74045801526711" y="-27.464788732394368"/>
        </scene>
        <!--Tab Bar Controller-->
        <scene sceneID="s5Q-lt-uXw">
            <objects>
                <tabBarController automaticallyAdjustsScrollViewInsets="NO" id="q1z-Dx-zn6" sceneMemberID="viewController">
                    <toolbarItems/>
                    <tabBar key="tabBar" contentMode="scaleToFill" insetsLayoutMarginsFromSafeArea="NO" id="8Xn-cx-wVe">
                        <rect key="frame" x="0.0" y="0.0" width="1000" height="1000"/>
                        <autoresizingMask key="autoresizingMask"/>
                        <color key="backgroundColor" white="0.0" alpha="0.0" colorSpace="custom" customColorSpace="genericGamma22GrayColorSpace"/>
                    </tabBar>
                    <connections>
                        <segue destination="BYZ-38-t0r" kind="relationship" relationship="viewControllers" id="xEH-9W-Ahd"/>
                        <segue destination="caW-3g-DfL" kind="relationship" relationship="viewControllers" id="Hc1-yH-7jg"/>
                        <segue destination="d8U-71-x7Q" kind="relationship" relationship="viewControllers" id="YkT-3R-qel"/>
                    </connections>
                </tabBarController>
                <placeholder placeholderIdentifier="IBFirstResponder" id="dug-Nt-k9W" userLabel="First Responder" customClass="UIResponder" sceneMemberID="firstResponder"/>
            </objects>
            <point key="canvasLocation" x="85" y="-27"/>
        </scene>
        <!--Siri-->
        <scene sceneID="EvH-gh-u8r">
            <objects>
                <viewController id="d8U-71-x7Q" customClass="EjerciciosViewController" customModule="Salud" customModuleProvider="target" sceneMemberID="viewController">
                    <view key="view" contentMode="scaleToFill" id="0Cq-1R-KnM">
                        <rect key="frame" x="0.0" y="0.0" width="393" height="852"/>
                        <autoresizingMask key="autoresizingMask" widthSizable="YES" heightSizable="YES"/>
                        <subviews>
                            <label opaque="NO" userInteractionEnabled="NO" contentMode="left" horizontalHuggingPriority="251" verticalHuggingPriority="251" fixedFrame="YES" text="Usa Siri para ayudar a reducir el consumo de energia" textAlignment="center" lineBreakMode="tailTruncation" numberOfLines="3" baselineAdjustment="alignBaselines" adjustsFontSizeToFit="NO" translatesAutoresizingMaskIntoConstraints="NO" id="WU6-uN-SK3">
                                <rect key="frame" x="35" y="97" width="318" height="68"/>
                                <autoresizingMask key="autoresizingMask" flexibleMaxX="YES" flexibleMaxY="YES"/>
                                <fontDescription key="fontDescription" type="boldSystem" pointSize="22"/>
                                <nil key="textColor"/>
                                <nil key="highlightedColor"/>
                            </label>
                            <label opaque="NO" userInteractionEnabled="NO" contentMode="left" horizontalHuggingPriority="251" verticalHuggingPriority="251" fixedFrame="YES" textAlignment="natural" lineBreakMode="tailTruncation" numberOfLines="7" baselineAdjustment="alignBaselines" adjustsFontSizeToFit="NO" translatesAutoresizingMaskIntoConstraints="NO" id="OGf-MP-hig">
                                <rect key="frame" x="25" y="518" width="342" height="124"/>
                                <autoresizingMask key="autoresizingMask" flexibleMaxX="YES" flexibleMaxY="YES"/>
                                <string key="text">Siempre que estes lejos de casa, siri puede ayudarte a mantener tus focos y electrodomesticos apagados para reducir el consumo de energia</string>
                                <fontDescription key="fontDescription" type="system" pointSize="17"/>
                                <nil key="textColor"/>
                                <nil key="highlightedColor"/>
                            </label>
                            <imageView clipsSubviews="YES" userInteractionEnabled="NO" contentMode="scaleAspectFill" horizontalHuggingPriority="251" verticalHuggingPriority="251" fixedFrame="YES" image="siri" translatesAutoresizingMaskIntoConstraints="NO" id="Gun-zC-qbB">
                                <rect key="frame" x="35" y="229" width="318" height="204"/>
                                <autoresizingMask key="autoresizingMask" flexibleMaxX="YES" flexibleMaxY="YES"/>
                            </imageView>
                            <button opaque="NO" contentMode="scaleToFill" fixedFrame="YES" contentHorizontalAlignment="center" contentVerticalAlignment="center" buttonType="system" lineBreakMode="middleTruncation" translatesAutoresizingMaskIntoConstraints="NO" id="8Bj-cG-NJt">
                                <rect key="frame" x="127" y="441" width="135" height="35"/>
                                <autoresizingMask key="autoresizingMask" flexibleMaxX="YES" flexibleMaxY="YES"/>
                                <state key="normal" title="Button"/>
                                <buttonConfiguration key="configuration" style="plain" title="Hablar con Siri"/>
                                <connections>
                                    <action selector="HablaSiri:" destination="sQl-95-Pa1" eventType="touchUpInside" id="P6s-ms-SW3"/>
                                    <action selector="HablaSiri:" destination="d8U-71-x7Q" eventType="touchUpInside" id="xDN-jg-mrX"/>
                                </connections>
                            </button>
                        </subviews>
                        <viewLayoutGuide key="safeArea" id="tVr-qx-B77"/>
                        <color key="backgroundColor" red="0.79762876656210613" green="1" blue="0.98982869742315727" alpha="1" colorSpace="custom" customColorSpace="displayP3"/>
                    </view>
                    <tabBarItem key="tabBarItem" title="Siri" image="waveform.badge.mic" catalog="system" id="c4v-KX-j32"/>
                </viewController>
                <placeholder placeholderIdentifier="IBFirstResponder" id="BFJ-3g-dps" sceneMemberID="firstResponder"/>
                <exit id="sQl-95-Pa1" userLabel="Exit" sceneMemberID="exit"/>
            </objects>
            <point key="canvasLocation" x="2650" y="-27"/>
        </scene>
        <!--View Controller-->
        <scene sceneID="vnX-df-Csf">
            <objects>
                <viewController id="swK-c4-tSr" sceneMemberID="viewController">
                    <view key="view" contentMode="scaleToFill" id="xDS-fh-DbS">
                        <rect key="frame" x="0.0" y="0.0" width="393" height="842"/>
                        <autoresizingMask key="autoresizingMask" widthSizable="YES" heightSizable="YES"/>
                        <subviews>
                            <scrollView clipsSubviews="YES" multipleTouchEnabled="YES" contentMode="scaleToFill" fixedFrame="YES" translatesAutoresizingMaskIntoConstraints="NO" id="15e-ux-ZAu">
                                <rect key="frame" x="0.0" y="440" width="393" height="364"/>
                                <autoresizingMask key="autoresizingMask" flexibleMaxX="YES" flexibleMaxY="YES"/>
                                <subviews>
                                    <stackView opaque="NO" contentMode="scaleToFill" spacing="8" translatesAutoresizingMaskIntoConstraints="NO" id="GIf-vp-9ea">
                                        <rect key="frame" x="0.0" y="0.0" width="2398" height="364"/>
                                        <subviews>
                                            <imageView clipsSubviews="YES" userInteractionEnabled="NO" contentMode="scaleAspectFill" horizontalHuggingPriority="251" verticalHuggingPriority="251" image="hidrogeno-1" translatesAutoresizingMaskIntoConstraints="NO" id="pVa-mW-yps">
                                                <rect key="frame" x="0.0" y="0.0" width="393" height="364"/>
                                                <constraints>
                                                    <constraint firstAttribute="width" constant="393" id="5KD-uq-xnU"/>
                                                </constraints>
                                            </imageView>
                                            <imageView clipsSubviews="YES" userInteractionEnabled="NO" contentMode="scaleAspectFill" horizontalHuggingPriority="251" verticalHuggingPriority="251" image="hidrogeno-2" translatesAutoresizingMaskIntoConstraints="NO" id="H2o-ri-cRo">
                                                <rect key="frame" x="401" y="0.0" width="393" height="364"/>
                                                <constraints>
                                                    <constraint firstAttribute="width" constant="393" id="gnj-3E-EXu"/>
                                                </constraints>
                                            </imageView>
                                            <imageView clipsSubviews="YES" userInteractionEnabled="NO" contentMode="scaleAspectFill" horizontalHuggingPriority="251" verticalHuggingPriority="251" image="hidrogeno-3" translatesAutoresizingMaskIntoConstraints="NO" id="ys8-hg-bC1">
                                                <rect key="frame" x="802" y="0.0" width="393" height="364"/>
                                                <constraints>
                                                    <constraint firstAttribute="width" constant="393" id="KVG-Ka-1Vs"/>
                                                </constraints>
                                            </imageView>
                                            <imageView clipsSubviews="YES" userInteractionEnabled="NO" contentMode="scaleAspectFill" horizontalHuggingPriority="251" verticalHuggingPriority="251" image="hidrogeno-1" translatesAutoresizingMaskIntoConstraints="NO" id="vbq-jt-Aej">
                                                <rect key="frame" x="1203" y="0.0" width="393" height="364"/>
                                                <constraints>
                                                    <constraint firstAttribute="width" constant="393" id="Rge-TO-eHJ"/>
                                                </constraints>
                                            </imageView>
                                            <imageView clipsSubviews="YES" userInteractionEnabled="NO" contentMode="scaleAspectFill" horizontalHuggingPriority="251" verticalHuggingPriority="251" image="hidrogeno-2" translatesAutoresizingMaskIntoConstraints="NO" id="2LP-Or-495">
                                                <rect key="frame" x="1604" y="0.0" width="393" height="364"/>
                                                <constraints>
                                                    <constraint firstAttribute="width" constant="393" id="9K0-FR-v0z"/>
                                                </constraints>
                                            </imageView>
                                            <imageView clipsSubviews="YES" userInteractionEnabled="NO" contentMode="scaleAspectFill" horizontalHuggingPriority="251" verticalHuggingPriority="251" image="hidrogeno-3" translatesAutoresizingMaskIntoConstraints="NO" id="ekV-oQ-xqr">
                                                <rect key="frame" x="2005" y="0.0" width="393" height="364"/>
                                                <constraints>
                                                    <constraint firstAttribute="width" constant="393" id="206-4F-CG4"/>
                                                </constraints>
                                            </imageView>
                                        </subviews>
                                    </stackView>
                                </subviews>
                                <constraints>
                                    <constraint firstItem="GIf-vp-9ea" firstAttribute="bottom" secondItem="xeY-TY-buh" secondAttribute="bottom" constant="364" id="6S9-Fl-8Hp"/>
                                    <constraint firstItem="GIf-vp-9ea" firstAttribute="trailing" secondItem="xeY-TY-buh" secondAttribute="trailing" constant="393" id="ezZ-vt-gyQ"/>
                                    <constraint firstItem="GIf-vp-9ea" firstAttribute="leading" secondItem="xeY-TY-buh" secondAttribute="leading" id="wqi-hT-s9h"/>
                                    <constraint firstItem="GIf-vp-9ea" firstAttribute="height" secondItem="izw-wN-kLB" secondAttribute="height" id="wxc-Lr-g1W"/>
                                    <constraint firstItem="GIf-vp-9ea" firstAttribute="top" secondItem="xeY-TY-buh" secondAttribute="top" id="yQB-AR-tCZ"/>
                                </constraints>
                                <viewLayoutGuide key="contentLayoutGuide" id="xeY-TY-buh"/>
                                <viewLayoutGuide key="frameLayoutGuide" id="izw-wN-kLB"/>
                            </scrollView>
                            <label opaque="NO" userInteractionEnabled="NO" contentMode="left" horizontalHuggingPriority="251" verticalHuggingPriority="251" fixedFrame="YES" textAlignment="natural" lineBreakMode="tailTruncation" numberOfLines="100" baselineAdjustment="alignBaselines" adjustsFontSizeToFit="NO" translatesAutoresizingMaskIntoConstraints="NO" id="gWM-Zh-gor">
                                <rect key="frame" x="16" y="136" width="361" height="277"/>
                                <autoresizingMask key="autoresizingMask" flexibleMaxX="YES" flexibleMaxY="YES"/>
                                <string key="text">La región de América Latina y el Caribe está preparada para hacer una contribución significativa en la transición global a energía limpia, ya que cuenta con recursos de energías renovables que permiten la producción de hidrógeno de bajas emisiones a un costo hasta 65% más bajo en comparación con otras partes del mundo, aunque la participación de México en esta transición dependerá de la reducción de la extracción, uso y comercialización de petróleo, según el reciente estudio Latin America Energy Outlook 2023.</string>
                                <fontDescription key="fontDescription" type="system" pointSize="17"/>
                                <nil key="textColor"/>
                                <nil key="highlightedColor"/>
                            </label>
                            <label opaque="NO" userInteractionEnabled="NO" contentMode="left" horizontalHuggingPriority="251" verticalHuggingPriority="251" fixedFrame="YES" text="Latinoamérica destaca en potencial de hidrógeno" textAlignment="center" lineBreakMode="tailTruncation" numberOfLines="3" baselineAdjustment="alignBaselines" adjustsFontSizeToFit="NO" translatesAutoresizingMaskIntoConstraints="NO" id="rYs-TB-xqF">
                                <rect key="frame" x="16" y="65" width="361" height="63"/>
                                <autoresizingMask key="autoresizingMask" flexibleMaxX="YES" flexibleMaxY="YES"/>
                                <fontDescription key="fontDescription" type="boldSystem" pointSize="22"/>
                                <nil key="textColor"/>
                                <nil key="highlightedColor"/>
                            </label>
                        </subviews>
                        <viewLayoutGuide key="safeArea" id="1Od-b8-RCa"/>
                        <color key="backgroundColor" systemColor="systemBackgroundColor"/>
                    </view>
                    <navigationItem key="navigationItem" id="Pf0-kA-du0"/>
                </viewController>
                <placeholder placeholderIdentifier="IBFirstResponder" id="tOm-ON-lqQ" userLabel="First Responder" customClass="UIResponder" sceneMemberID="firstResponder"/>
            </objects>
            <point key="canvasLocation" x="913.74045801526711" y="708.45070422535218"/>
        </scene>
        <!--Tips-->
        <scene sceneID="7kD-q7-q9h">
            <objects>
                <viewController id="caW-3g-DfL" customClass="TipsViewController" customModule="Salud" customModuleProvider="target" sceneMemberID="viewController">
                    <view key="view" contentMode="scaleToFill" id="KbF-wX-aG6">
                        <rect key="frame" x="0.0" y="0.0" width="393" height="852"/>
                        <autoresizingMask key="autoresizingMask" widthSizable="YES" heightSizable="YES"/>
                        <subviews>
                            <label opaque="NO" userInteractionEnabled="NO" contentMode="left" horizontalHuggingPriority="251" verticalHuggingPriority="251" fixedFrame="YES" text="Tips para ahorrar energia" textAlignment="natural" lineBreakMode="tailTruncation" baselineAdjustment="alignBaselines" adjustsFontSizeToFit="NO" translatesAutoresizingMaskIntoConstraints="NO" id="alB-J9-kMU">
                                <rect key="frame" x="68" y="96" width="257" height="27"/>
                                <autoresizingMask key="autoresizingMask" flexibleMaxX="YES" flexibleMaxY="YES"/>
                                <fontDescription key="fontDescription" type="boldSystem" pointSize="22"/>
                                <nil key="textColor"/>
                                <nil key="highlightedColor"/>
                            </label>
                            <label opaque="NO" userInteractionEnabled="NO" contentMode="left" horizontalHuggingPriority="251" verticalHuggingPriority="251" fixedFrame="YES" textAlignment="natural" lineBreakMode="tailTruncation" numberOfLines="100" baselineAdjustment="alignBaselines" adjustsFontSizeToFit="NO" translatesAutoresizingMaskIntoConstraints="NO" id="DM1-ZX-r68">
                                <rect key="frame" x="25" y="407" width="342" height="90"/>
                                <autoresizingMask key="autoresizingMask" flexibleMaxX="YES" flexibleMaxY="YES"/>
                                <string key="text">Usa focos ahorradores, iluminan igual que los incandescentes y consumen 75% menos energía.
</string>
                                <fontDescription key="fontDescription" type="system" weight="medium" pointSize="17"/>
                                <nil key="textColor"/>
                                <nil key="highlightedColor"/>
                            </label>
                            <label opaque="NO" userInteractionEnabled="NO" contentMode="left" horizontalHuggingPriority="251" verticalHuggingPriority="251" fixedFrame="YES" textAlignment="natural" lineBreakMode="tailTruncation" numberOfLines="5" baselineAdjustment="alignBaselines" adjustsFontSizeToFit="NO" translatesAutoresizingMaskIntoConstraints="NO" id="NPt-kh-RLx">
                                <rect key="frame" x="25" y="505" width="342" height="104"/>
                                <autoresizingMask key="autoresizingMask" flexibleMaxX="YES" flexibleMaxY="YES"/>
                                <string key="text">Aprovecha la luz natural del día mediante la orientación adecuada de ventanas, y usa colores claros en paredes, techos, pisos y mobiliario.</string>
                                <fontDescription key="fontDescription" type="system" weight="medium" pointSize="17"/>
                                <nil key="textColor"/>
                                <nil key="highlightedColor"/>
                            </label>
                            <label opaque="NO" userInteractionEnabled="NO" contentMode="left" horizontalHuggingPriority="251" verticalHuggingPriority="251" fixedFrame="YES" textAlignment="natural" lineBreakMode="tailTruncation" numberOfLines="7" baselineAdjustment="alignBaselines" adjustsFontSizeToFit="NO" translatesAutoresizingMaskIntoConstraints="NO" id="A4E-G7-Qyx">
                                <rect key="frame" x="25" y="617" width="342" height="116"/>
                                <autoresizingMask key="autoresizingMask" flexibleMaxX="YES" flexibleMaxY="YES"/>
                                <string key="text">Apaga focos y desconecta aparatos. Algunos de ellos, aún apagados, consumen energía. Si nadie ve la televisión o escucha la radio, ¡apágalos!</string>
                                <fontDescription key="fontDescription" type="system" weight="medium" pointSize="17"/>
                                <nil key="textColor"/>
                                <nil key="highlightedColor"/>
                            </label>
                            <imageView clipsSubviews="YES" userInteractionEnabled="NO" contentMode="scaleAspectFit" horizontalHuggingPriority="251" verticalHuggingPriority="251" fixedFrame="YES" image="lightbulb.fill" catalog="system" translatesAutoresizingMaskIntoConstraints="NO" id="mDw-tx-frm">
                                <rect key="frame" x="79" y="152.33333333333337" width="235" height="226"/>
                                <autoresizingMask key="autoresizingMask" flexibleMaxX="YES" flexibleMaxY="YES"/>
                                <color key="tintColor" white="1" alpha="1" colorSpace="custom" customColorSpace="genericGamma22GrayColorSpace"/>
                                <accessibility key="accessibilityConfiguration">
                                    <accessibilityTraits key="traits" button="YES" image="YES"/>
                                </accessibility>
                            </imageView>
                        </subviews>
                        <viewLayoutGuide key="safeArea" id="OvE-rz-jwN"/>
                        <color key="backgroundColor" red="0.82933997443300633" green="1" blue="0.67309001668303492" alpha="0.77365008503401367" colorSpace="custom" customColorSpace="displayP3"/>
                    </view>
                    <tabBarItem key="tabBarItem" title="Tips" image="lightbulb.fill" catalog="system" id="gMC-EX-dkp"/>
                </viewController>
                <placeholder placeholderIdentifier="IBFirstResponder" id="ZEz-1e-WSK" sceneMemberID="firstResponder"/>
            </objects>
            <point key="canvasLocation" x="1649.6183206106869" y="-27.464788732394368"/>
        </scene>
        <!--View Controller-->
        <scene sceneID="AA6-jk-uRy">
            <objects>
                <viewController id="qPf-mG-8WX" sceneMemberID="viewController">
                    <view key="view" contentMode="scaleToFill" id="7G5-1Z-scf">
                        <rect key="frame" x="0.0" y="0.0" width="393" height="842"/>
                        <autoresizingMask key="autoresizingMask" widthSizable="YES" heightSizable="YES"/>
                        <subviews>
                            <scrollView clipsSubviews="YES" multipleTouchEnabled="YES" contentMode="scaleToFill" fixedFrame="YES" translatesAutoresizingMaskIntoConstraints="NO" id="lHd-4S-PgL">
                                <rect key="frame" x="0.0" y="427" width="393" height="364"/>
                                <autoresizingMask key="autoresizingMask" flexibleMaxX="YES" flexibleMaxY="YES"/>
                                <subviews>
                                    <stackView opaque="NO" contentMode="scaleToFill" spacing="8" translatesAutoresizingMaskIntoConstraints="NO" id="K1d-ui-JCx">
                                        <rect key="frame" x="0.0" y="0.0" width="2398" height="364"/>
                                        <subviews>
                                            <imageView clipsSubviews="YES" userInteractionEnabled="NO" contentMode="scaleAspectFill" horizontalHuggingPriority="251" verticalHuggingPriority="251" image="energia-1" translatesAutoresizingMaskIntoConstraints="NO" id="7C8-nP-6cZ">
                                                <rect key="frame" x="0.0" y="0.0" width="393" height="364"/>
                                                <constraints>
                                                    <constraint firstAttribute="width" constant="393" id="W4i-kc-IrE"/>
                                                </constraints>
                                            </imageView>
                                            <imageView clipsSubviews="YES" userInteractionEnabled="NO" contentMode="scaleAspectFill" horizontalHuggingPriority="251" verticalHuggingPriority="251" image="energia-2" translatesAutoresizingMaskIntoConstraints="NO" id="XEc-K5-m3e">
                                                <rect key="frame" x="401" y="0.0" width="393" height="364"/>
                                                <constraints>
                                                    <constraint firstAttribute="width" constant="393" id="b0M-Mi-YhY"/>
                                                </constraints>
                                            </imageView>
                                            <imageView clipsSubviews="YES" userInteractionEnabled="NO" contentMode="scaleAspectFill" horizontalHuggingPriority="251" verticalHuggingPriority="251" image="energia-3" translatesAutoresizingMaskIntoConstraints="NO" id="P5b-oX-cjD">
                                                <rect key="frame" x="802" y="0.0" width="393" height="364"/>
                                                <constraints>
                                                    <constraint firstAttribute="width" constant="393" id="YKP-5n-wDW"/>
                                                </constraints>
                                            </imageView>
                                            <imageView clipsSubviews="YES" userInteractionEnabled="NO" contentMode="scaleAspectFill" horizontalHuggingPriority="251" verticalHuggingPriority="251" image="energia-1" translatesAutoresizingMaskIntoConstraints="NO" id="YAY-UB-a31">
                                                <rect key="frame" x="1203" y="0.0" width="393" height="364"/>
                                                <constraints>
                                                    <constraint firstAttribute="width" constant="393" id="h0a-QC-6h3"/>
                                                </constraints>
                                            </imageView>
                                            <imageView clipsSubviews="YES" userInteractionEnabled="NO" contentMode="scaleAspectFill" horizontalHuggingPriority="251" verticalHuggingPriority="251" image="energia-2" translatesAutoresizingMaskIntoConstraints="NO" id="eZZ-XF-u4L">
                                                <rect key="frame" x="1604" y="0.0" width="393" height="364"/>
                                                <constraints>
                                                    <constraint firstAttribute="width" constant="393" id="CTh-L4-miL"/>
                                                </constraints>
                                            </imageView>
                                            <imageView clipsSubviews="YES" userInteractionEnabled="NO" contentMode="scaleAspectFill" horizontalHuggingPriority="251" verticalHuggingPriority="251" image="energia-3" translatesAutoresizingMaskIntoConstraints="NO" id="lR3-Df-TVp">
                                                <rect key="frame" x="2005" y="0.0" width="393" height="364"/>
                                                <constraints>
                                                    <constraint firstAttribute="width" constant="393" id="Nh1-kU-aBK"/>
                                                </constraints>
                                            </imageView>
                                        </subviews>
                                    </stackView>
                                </subviews>
                                <constraints>
                                    <constraint firstItem="K1d-ui-JCx" firstAttribute="trailing" secondItem="fvg-X0-AQ6" secondAttribute="trailing" constant="393" id="Z41-DE-2Yn"/>
                                    <constraint firstItem="K1d-ui-JCx" firstAttribute="bottom" secondItem="fvg-X0-AQ6" secondAttribute="bottom" constant="364" id="ZxG-zD-G98"/>
                                    <constraint firstItem="K1d-ui-JCx" firstAttribute="leading" secondItem="fvg-X0-AQ6" secondAttribute="leading" id="dMc-ru-jpA"/>
                                    <constraint firstItem="K1d-ui-JCx" firstAttribute="height" secondItem="dKq-HO-d8l" secondAttribute="height" id="rg0-Oy-Nca"/>
                                    <constraint firstItem="K1d-ui-JCx" firstAttribute="top" secondItem="fvg-X0-AQ6" secondAttribute="top" id="ySq-5X-hje"/>
                                </constraints>
                                <viewLayoutGuide key="contentLayoutGuide" id="fvg-X0-AQ6"/>
                                <viewLayoutGuide key="frameLayoutGuide" id="dKq-HO-d8l"/>
                            </scrollView>
                            <label opaque="NO" userInteractionEnabled="NO" contentMode="left" horizontalHuggingPriority="251" verticalHuggingPriority="251" misplaced="YES" textAlignment="natural" lineBreakMode="tailTruncation" numberOfLines="100" baselineAdjustment="alignBaselines" adjustsFontSizeToFit="NO" translatesAutoresizingMaskIntoConstraints="NO" id="xjt-gH-up7">
                                <rect key="frame" x="16" y="151" width="361" height="183"/>
                                <string key="text">México no cumplirá con la meta de alcanzar el 35% de generación eléctrica mediante fuentes limpias al cierre del 2024 y se quedará en al actual 30%, tanto por la falta de inversión en el sector público como por los obstáculos que se han dado para que las empresas privadas adquieran permisos para nueva infraestructura, aseguró Regulo Salinas, presidente de la Comisión de Energía del Consejo Coordinador Empresarial.</string>
                                <fontDescription key="fontDescription" type="system" pointSize="17"/>
                                <nil key="textColor"/>
                                <nil key="highlightedColor"/>
                            </label>
                            <label opaque="NO" userInteractionEnabled="NO" contentMode="left" horizontalHuggingPriority="251" verticalHuggingPriority="251" misplaced="YES" textAlignment="center" lineBreakMode="tailTruncation" numberOfLines="3" baselineAdjustment="alignBaselines" adjustsFontSizeToFit="NO" translatesAutoresizingMaskIntoConstraints="NO" id="3xJ-8X-Byp">
                                <rect key="frame" x="16" y="64" width="361" height="79"/>
                                <string key="text">México incumplirá en energía limpia en el 2024, prevé el CCE
</string>
                                <fontDescription key="fontDescription" type="boldSystem" pointSize="22"/>
                                <nil key="textColor"/>
                                <nil key="highlightedColor"/>
                            </label>
                        </subviews>
                        <viewLayoutGuide key="safeArea" id="Qap-DZ-OOn"/>
                        <color key="backgroundColor" systemColor="systemBackgroundColor"/>
                        <constraints>
                            <constraint firstItem="xjt-gH-up7" firstAttribute="trailing" secondItem="Qap-DZ-OOn" secondAttribute="trailing" constant="16" id="0ZA-TG-U16"/>
                            <constraint firstItem="Qap-DZ-OOn" firstAttribute="trailing" secondItem="xjt-gH-up7" secondAttribute="trailing" constant="16" id="1Ii-xK-w5d"/>
                            <constraint firstItem="3xJ-8X-Byp" firstAttribute="top" secondItem="Qap-DZ-OOn" secondAttribute="top" constant="16" id="HuR-81-gm5"/>
                            <constraint firstItem="xjt-gH-up7" firstAttribute="leading" secondItem="Qap-DZ-OOn" secondAttribute="leading" constant="16" id="J5d-xv-7cH"/>
                            <constraint firstItem="3xJ-8X-Byp" firstAttribute="leading" secondItem="Qap-DZ-OOn" secondAttribute="leading" constant="16" id="Ycc-Aq-VKb"/>
                            <constraint firstItem="xjt-gH-up7" firstAttribute="leading" secondItem="Qap-DZ-OOn" secondAttribute="leading" constant="8" id="aRc-Jy-MP0"/>
                            <constraint firstItem="xjt-gH-up7" firstAttribute="top" secondItem="3xJ-8X-Byp" secondAttribute="bottom" constant="16" id="ipv-Zy-20e"/>
                            <constraint firstItem="Qap-DZ-OOn" firstAttribute="trailing" secondItem="3xJ-8X-Byp" secondAttribute="trailing" constant="16" id="sVr-Nb-m99"/>
                        </constraints>
                    </view>
                    <navigationItem key="navigationItem" id="7pu-68-arF"/>
                </viewController>
                <placeholder placeholderIdentifier="IBFirstResponder" id="kcY-6N-L55" userLabel="First Responder" customClass="UIResponder" sceneMemberID="firstResponder"/>
            </objects>
            <point key="canvasLocation" x="1614.5038167938931" y="707.04225352112678"/>
        </scene>
        <!--Audio View Controller-->
        <scene sceneID="YYC-dS-efl">
            <objects>
                <viewController id="eFC-hs-w1A" customClass="AudioViewController" customModule="Salud" customModuleProvider="target" sceneMemberID="viewController">
                    <view key="view" contentMode="scaleToFill" id="bCi-37-4UB">
                        <rect key="frame" x="0.0" y="0.0" width="393" height="842"/>
                        <autoresizingMask key="autoresizingMask" widthSizable="YES" heightSizable="YES"/>
                        <subviews>
                            <label opaque="NO" userInteractionEnabled="NO" contentMode="left" horizontalHuggingPriority="251" verticalHuggingPriority="251" misplaced="YES" text="Innovación y eficiencia" textAlignment="center" lineBreakMode="tailTruncation" baselineAdjustment="alignBaselines" adjustsFontSizeToFit="NO" translatesAutoresizingMaskIntoConstraints="NO" id="Wbk-c7-4LN">
                                <rect key="frame" x="16" y="112" width="361" height="21"/>
                                <fontDescription key="fontDescription" type="boldSystem" pointSize="22"/>
                                <nil key="textColor"/>
                                <nil key="highlightedColor"/>
                            </label>
                            <imageView clipsSubviews="YES" userInteractionEnabled="NO" contentMode="scaleAspectFit" horizontalHuggingPriority="251" verticalHuggingPriority="251" fixedFrame="YES" image="plantas" translatesAutoresizingMaskIntoConstraints="NO" id="hE9-3v-CYb">
                                <rect key="frame" x="16" y="181" width="361" height="193"/>
                                <autoresizingMask key="autoresizingMask" flexibleMaxX="YES" flexibleMaxY="YES"/>
                            </imageView>
                            <button opaque="NO" contentMode="scaleToFill" fixedFrame="YES" contentHorizontalAlignment="center" contentVerticalAlignment="center" buttonType="system" lineBreakMode="middleTruncation" translatesAutoresizingMaskIntoConstraints="NO" id="vQe-WA-syJ">
                                <rect key="frame" x="74" y="531" width="245" height="57"/>
                                <autoresizingMask key="autoresizingMask" flexibleMaxX="YES" flexibleMaxY="YES"/>
                                <state key="normal" title="Button"/>
                                <buttonConfiguration key="configuration" style="filled" title="Reproducir audio"/>
                                <connections>
                                    <action selector="onButtonClick:" destination="eFC-hs-w1A" eventType="touchUpInside" id="OSX-aH-uY5"/>
                                </connections>
                            </button>
                            <slider opaque="NO" contentMode="scaleToFill" fixedFrame="YES" contentHorizontalAlignment="center" contentVerticalAlignment="center" value="0.5" minValue="0.0" maxValue="1" translatesAutoresizingMaskIntoConstraints="NO" id="PbT-X7-Y9U">
                                <rect key="frame" x="14" y="442" width="365" height="30"/>
                                <autoresizingMask key="autoresizingMask" flexibleMaxX="YES" flexibleMaxY="YES"/>
                                <connections>
                                    <action selector="onButtonClick:" destination="eFC-hs-w1A" eventType="valueChanged" id="u2k-uP-Znc"/>
                                    <action selector="onSlideMove:" destination="eFC-hs-w1A" eventType="valueChanged" id="PbO-xF-x6S"/>
                                    <action selector="onSlideUpdate:" destination="eFC-hs-w1A" eventType="valueChanged" id="bQc-YA-qcD"/>
                                </connections>
                            </slider>
                        </subviews>
                        <viewLayoutGuide key="safeArea" id="asS-vK-aYj"/>
                        <color key="backgroundColor" systemColor="systemBackgroundColor"/>
                        <constraints>
                            <constraint firstItem="Wbk-c7-4LN" firstAttribute="leading" secondItem="asS-vK-aYj" secondAttribute="leading" constant="16" id="212-dz-6Li"/>
                            <constraint firstItem="Wbk-c7-4LN" firstAttribute="top" secondItem="asS-vK-aYj" secondAttribute="top" constant="16" id="ASD-1d-217"/>
                            <constraint firstItem="asS-vK-aYj" firstAttribute="trailing" secondItem="Wbk-c7-4LN" secondAttribute="trailing" constant="16" id="IRv-1E-eMZ"/>
                        </constraints>
                    </view>
                    <navigationItem key="navigationItem" id="RUP-rm-Sod"/>
                    <connections>
                        <outlet property="playButton" destination="vQe-WA-syJ" id="uqi-Dp-TCd"/>
                        <outlet property="slider" destination="PbT-X7-Y9U" id="5H6-BQ-8iv"/>
                    </connections>
                </viewController>
                <placeholder placeholderIdentifier="IBFirstResponder" id="76i-tm-FOX" userLabel="First Responder" customClass="UIResponder" sceneMemberID="firstResponder"/>
            </objects>
            <point key="canvasLocation" x="2347.3282442748091" y="707.04225352112678"/>
        </scene>
    </scenes>
    <resources>
        <image name="central" width="1200" height="675"/>
        <image name="energia-1" width="1300" height="830"/>
        <image name="energia-2" width="1696" height="1139"/>
        <image name="energia-3" width="800" height="450"/>
        <image name="hidrogeno" width="1200" height="675"/>
        <image name="hidrogeno-1" width="310" height="163"/>
        <image name="hidrogeno-2" width="1024" height="441"/>
        <image name="hidrogeno-3" width="1600" height="900"/>
        <image name="lightbulb.fill" catalog="system" width="92" height="128"/>
        <image name="newspaper.fill" catalog="system" width="128" height="112"/>
        <image name="panel" width="1200" height="675"/>
        <image name="paneles" width="1200" height="675"/>
        <image name="petroleo" width="1200" height="675"/>
        <image name="plantas" width="1200" height="675"/>
        <image name="siri" width="1708" height="960"/>
        <image name="waveform.badge.mic" catalog="system" width="128" height="124"/>
        <systemColor name="systemBackgroundColor">
            <color white="1" alpha="1" colorSpace="custom" customColorSpace="genericGamma22GrayColorSpace"/>
        </systemColor>
    </resources>
</document>
